insert into Residence (id, residenceCode, source, urlSource, numberRooms, numberBathrooms, numberParkingSpace, typeBuilding, sizeResidence, ResidenceAddressId, createdAt, updatedAt)
values  (1, 780528, 'QuintoAndar', 'https://www.quintoandar.com.br/imovel/893480528?house_tags=newAd&house_tags=rentPriceDecreased&search_rank=%7B%22sortMode%22%3A%22relevance%22%2C%22searchMode%22%3A%22list%22%2C%22resultsOrigin%22%3A%22search%22%2C%22rank%22%3A0%2C%22personalization%22%3Afalse%7D&search_id=%225459a9a8a6%22&from_route=%22search_results%22', 2, 1, 1, 'apartment', 44, 3, null, null),
        (2, 794253, 'QuintoAndar', 'https://www.quintoandar.com.br/imovel/893494253?search_rank=%7B%22sortMode%22%3A%22relevance%22%2C%22searchMode%22%3A%22list%22%2C%22resultsOrigin%22%3A%22search%22%2C%22rank%22%3A0%2C%22personalization%22%3Afalse%7D&search_id=%223e4d180a56%22&from_route=%22search_results%22', 2, 1, 1, 'apartment', 95, 5, null, null),
        (3, 794253, 'QuintoAndar', 'https://www.quintoandar.com.br/imovel/893494253?search_rank=%7B%22sortMode%22%3A%22relevance%22%2C%22searchMode%22%3A%22list%22%2C%22resultsOrigin%22%3A%22search%22%2C%22rank%22%3A0%2C%22personalization%22%3Afalse%7D&search_id=%223e4d180a56%22&from_route=%22search_results%22', 2, 1, 1, 'apartment', 95, 6, null, null),
        (4, 794253, 'QuintoAndar', 'https://www.quintoandar.com.br/imovel/893494253?search_rank=%7B%22sortMode%22%3A%22relevance%22%2C%22searchMode%22%3A%22list%22%2C%22resultsOrigin%22%3A%22search%22%2C%22rank%22%3A0%2C%22personalization%22%3Afalse%7D&search_id=%223e4d180a56%22&from_route=%22search_results%22', 2, 1, 1, 'apartment', 95, 7, null, null),
        (5, 105577, 'QuintoAndar', 'https://www.quintoandar.com.br/imovel/892805577?search_rank=%7B%22sortMode%22%3A%22relevance%22%2C%22searchMode%22%3A%22list%22%2C%22resultsOrigin%22%3A%22search%22%2C%22rank%22%3A3%2C%22personalization%22%3Afalse%7D&search_id=%223e4d180a56%22&from_route=%22search_results%22', 1, 1, 0, 'apartment', 45, 8, null, null),
        (6, 627806, 'QuintoAndar', 'https://www.quintoandar.com.br/imovel/893327806?house_tags=rentPriceDecreased&search_rank=%7B%22sortMode%22%3A%22relevance%22%2C%22searchMode%22%3A%22list%22%2C%22resultsOrigin%22%3A%22search%22%2C%22rank%22%3A4%2C%22personalization%22%3Afalse%7D&search_id=%223e4d180a56%22&from_route=%22search_results%22', 1, 1, 0, 'apartment', 40, 9, null, null),
        (7, 791442, 'QuintoAndar', 'https://www.quintoandar.com.br/imovel/893491442?house_tags=newAd&search_rank=%7B%22sortMode%22%3A%22relevance%22%2C%22searchMode%22%3A%22list%22%2C%22resultsOrigin%22%3A%22search%22%2C%22rank%22%3A5%2C%22personalization%22%3Afalse%7D&search_id=%223e4d180a56%22&from_route=%22search_results%22', 2, 1, 0, 'apartment', 94, 10, null, null),
        (8, 789920, 'QuintoAndar', 'https://www.quintoandar.com.br/imovel/893489920?search_rank=%7B%22sortMode%22%3A%22relevance%22%2C%22searchMode%22%3A%22list%22%2C%22resultsOrigin%22%3A%22search%22%2C%22rank%22%3A6%2C%22personalization%22%3Afalse%7D&search_id=%223e4d180a56%22&from_route=%22search_results%22', 2, 3, 1, 'house', 60, 11, null, null),
        (9, 748781, 'QuintoAndar', 'https://www.quintoandar.com.br/imovel/893448781?search_rank=%7B%22sortMode%22%3A%22relevance%22%2C%22searchMode%22%3A%22list%22%2C%22resultsOrigin%22%3A%22search%22%2C%22rank%22%3A7%2C%22personalization%22%3Afalse%7D&search_id=%223e4d180a56%22&from_route=%22search_results%22', 3, 3, 2, 'apartment', 84, 12, null, null),
        (10, 306364, 'QuintoAndar', 'https://www.quintoandar.com.br/imovel/893006364?house_tags=rentPriceDecreased&search_rank=%7B%22sortMode%22%3A%22relevance%22%2C%22searchMode%22%3A%22list%22%2C%22resultsOrigin%22%3A%22search%22%2C%22rank%22%3A8%2C%22personalization%22%3Afalse%7D&search_id=%223e4d180a56%22&from_route=%22search_results%22', 1, 1, 0, 'apartment', 50, 13, null, null),
        (11, 769204, 'QuintoAndar', 'https://www.quintoandar.com.br/imovel/893469204?house_tags=rentPriceDecreased&search_rank=%7B%22sortMode%22%3A%22relevance%22%2C%22searchMode%22%3A%22list%22%2C%22resultsOrigin%22%3A%22search%22%2C%22rank%22%3A9%2C%22personalization%22%3Afalse%7D&search_id=%223e4d180a56%22&from_route=%22search_results%22', 1, 1, 0, 'apartment', 265, 14, null, null),
        (12, 759443, 'QuintoAndar', 'https://www.quintoandar.com.br/imovel/893459443?house_tags=rentPriceDecreased&search_rank=%7B%22sortMode%22%3A%22relevance%22%2C%22searchMode%22%3A%22list%22%2C%22resultsOrigin%22%3A%22search%22%2C%22rank%22%3A10%2C%22personalization%22%3Afalse%7D&search_id=%223e4d180a56%22&from_route=%22search_results%22', 2, 1, 0, 'apartment', 53, 15, null, null),
        (13, 740905, 'QuintoAndar', 'https://www.quintoandar.com.br/imovel/893440905?house_tags=rentPriceDecreased&search_rank=%7B%22sortMode%22%3A%22relevance%22%2C%22searchMode%22%3A%22list%22%2C%22resultsOrigin%22%3A%22search%22%2C%22rank%22%3A11%2C%22personalization%22%3Atrue%7D&search_id=%223e4d180a56%22&from_route=%22search_results%22', 1, 1, 0, 'apartment', 45, 16, null, null),
        (14, 748381, 'QuintoAndar', 'https://www.quintoandar.com.br/imovel/893448381?house_tags=rentPriceDecreased&search_rank=%7B%22sortMode%22%3A%22relevance%22%2C%22searchMode%22%3A%22list%22%2C%22resultsOrigin%22%3A%22search%22%2C%22rank%22%3A12%2C%22personalization%22%3Atrue%7D&search_id=%223e4d180a56%22&from_route=%22search_results%22', 2, 2, 0, 'apartment', 100, 17, null, null),
        (15, 493796, 'QuintoAndar', 'https://www.quintoandar.com.br/imovel/893193796?search_rank=%7B%22sortMode%22%3A%22relevance%22%2C%22searchMode%22%3A%22list%22%2C%22resultsOrigin%22%3A%22search%22%2C%22rank%22%3A13%2C%22personalization%22%3Atrue%7D&search_id=%223e4d180a56%22&from_route=%22search_results%22', 1, 1, 1, 'apartment', 40, 18, null, null),
        (16, 723151, 'QuintoAndar', 'https://www.quintoandar.com.br/imovel/893423151?house_tags=rentPriceDecreased&search_rank=%7B%22sortMode%22%3A%22relevance%22%2C%22searchMode%22%3A%22list%22%2C%22resultsOrigin%22%3A%22search%22%2C%22rank%22%3A20%2C%22personalization%22%3Atrue%7D&search_id=%223e4d180a56%22&from_route=%22search_results%22', 2, 1, 0, 'apartment', 42, 19, null, null),
        (17, 791388, 'QuintoAndar', 'https://www.quintoandar.com.br/imovel/893491388?house_tags=rentPriceDecreased&search_rank=%7B%22sortMode%22%3A%22relevance%22%2C%22searchMode%22%3A%22list%22%2C%22resultsOrigin%22%3A%22search%22%2C%22rank%22%3A26%2C%22personalization%22%3Atrue%7D&search_id=%223e4d180a56%22&from_route=%22search_results%22', 2, 1, 1, 'house', 80, 20, null, null),
        (18, 805662, 'QuintoAndar', 'https://www.quintoandar.com.br/imovel/893505662?house_tags=newAd&house_tags=rentPriceDecreased&search_rank=%7B%22sortMode%22%3A%22relevance%22%2C%22searchMode%22%3A%22list%22%2C%22resultsOrigin%22%3A%22search%22%2C%22rank%22%3A30%2C%22personalization%22%3Atrue%7D&search_id=%223e4d180a56%22&from_route=%22search_results%22', 2, 2, 1, 'apartment', 54, 21, null, null),
        (19, 440931, 'QuintoAndar', 'https://www.quintoandar.com.br/imovel/893140931?house_tags=rentPriceDecreased&search_rank=%7B%22sortMode%22%3A%22relevance%22%2C%22searchMode%22%3A%22list%22%2C%22resultsOrigin%22%3A%22search%22%2C%22rank%22%3A37%2C%22personalization%22%3Atrue%7D&search_id=%223e4d180a56%22&from_route=%22search_results%22', 2, 1, 1, 'house', 80, 22, null, null),
        (20, 780528, 'QuintoAndar', 'https://www.quintoandar.com.br/imovel/893480528?house_tags=newAd&search_rank=%7B%22sortMode%22%3A%22relevance%22%2C%22searchMode%22%3A%22list%22%2C%22resultsOrigin%22%3A%22search%22%2C%22rank%22%3A0%2C%22personalization%22%3Afalse%7D&search_id=%225459a9a8a6%22&from_route=%22search_results%22', 2, 1, 1, 'apartment', 44, 23, null, null),
        (21, 780528, 'QuintoAndar', 'https://www.quintoandar.com.br/imovel/893480528?house_tags=newAd&search_rank=%7B%22sortMode%22%3A%22relevance%22%2C%22searchMode%22%3A%22list%22%2C%22resultsOrigin%22%3A%22search%22%2C%22rank%22%3A0%2C%22personalization%22%3Afalse%7D&search_id=%225459a9a8a6%22&from_route=%22search_results%22', 2, 1, 1, 'apartment', 44, 24, null, null),
        (22, 794253, 'QuintoAndar', 'https://www.quintoandar.com.br/imovel/893494253?search_rank=%7B%22sortMode%22%3A%22relevance%22%2C%22searchMode%22%3A%22list%22%2C%22resultsOrigin%22%3A%22search%22%2C%22rank%22%3A0%2C%22personalization%22%3Afalse%7D&search_id=%223e4d180a56%22&from_route=%22search_results%22', 2, 1, 1, 'apartment', 95, 25, null, null),
        (23, 105577, 'QuintoAndar', 'https://www.quintoandar.com.br/imovel/892805577?search_rank=%7B%22sortMode%22%3A%22relevance%22%2C%22searchMode%22%3A%22list%22%2C%22resultsOrigin%22%3A%22search%22%2C%22rank%22%3A3%2C%22personalization%22%3Afalse%7D&search_id=%223e4d180a56%22&from_route=%22search_results%22', 1, 1, 0, 'apartment', 45, 26, null, null),
        (24, 627806, 'QuintoAndar', 'https://www.quintoandar.com.br/imovel/893327806?house_tags=rentPriceDecreased&search_rank=%7B%22sortMode%22%3A%22relevance%22%2C%22searchMode%22%3A%22list%22%2C%22resultsOrigin%22%3A%22search%22%2C%22rank%22%3A4%2C%22personalization%22%3Afalse%7D&search_id=%223e4d180a56%22&from_route=%22search_results%22', 1, 1, 0, 'apartment', 40, 27, null, null),
        (25, 791442, 'QuintoAndar', 'https://www.quintoandar.com.br/imovel/893491442?house_tags=newAd&search_rank=%7B%22sortMode%22%3A%22relevance%22%2C%22searchMode%22%3A%22list%22%2C%22resultsOrigin%22%3A%22search%22%2C%22rank%22%3A5%2C%22personalization%22%3Afalse%7D&search_id=%223e4d180a56%22&from_route=%22search_results%22', 2, 1, 0, 'apartment', 94, 28, null, null),
        (26, 789920, 'QuintoAndar', 'https://www.quintoandar.com.br/imovel/893489920?search_rank=%7B%22sortMode%22%3A%22relevance%22%2C%22searchMode%22%3A%22list%22%2C%22resultsOrigin%22%3A%22search%22%2C%22rank%22%3A6%2C%22personalization%22%3Afalse%7D&search_id=%223e4d180a56%22&from_route=%22search_results%22', 2, 3, 1, 'house', 60, 29, null, null),
        (27, 130268, 'QuintoAndar', 'https://www.quintoandar.com.br/imovel/892830268?search_rank=%7B%22sortMode%22%3A%22relevance%22%2C%22searchMode%22%3A%22list%22%2C%22resultsOrigin%22%3A%22search%22%2C%22rank%22%3A7%2C%22personalization%22%3Afalse%7D&search_id=%223e4d180a56%22&from_route=%22search_results%22', 1, 1, 1, 'apartment', 43, 30, null, null);



        insert into "ResidenceValues" (id, ResidenceId, price, condominiumTax, houseTax, fireInsurence, serviceTax, totalRentPrice, createdAt, updatedAt)
values  (1, 1, 1.28, 427, 0, 17, 28, 1.752, null, null),
        (2, 2, 1.7, 0, 56, 22, 37, 1.815, null, null),
        (3, 3, 170, 0, 56, 22, 37, 1.815, null, null),
        (4, 4, 170, 0, 56, 22, 37, 1.815, null, null),
        (5, 5, 170, 460, 0, 22, 37, 2.219, null, null),
        (6, 6, 119, 300, 30, 16, 26, 1.562, null, null),
        (7, 7, 240, 210, 20, 31, 52, 2.713, null, null),
        (8, 8, 165, 80, 74, 28, 36, 1.868, null, null),
        (9, 9, 360, 700, 209, 46, 79, 4.634, null, null),
        (10, 10, 110.5, 608, 0, 14, 24, 1.751, null, null),
        (11, 11, 98000, 0, 13, 13, 21, 1.027, null, null),
        (12, 12, 113, 400, 0, 15, 24, 1.569, null, null),
        (13, 13, 102, 299, 0, 13, 22, 1.354, null, null),
        (14, 14, 155, 0, 0, 20, 34, 1.604, null, null),
        (15, 15, 135, 285, 17, 18, 29, 1.699, null, null),
        (16, 16, 106, 358, 0, 14, 23, 1.455, null, null),
        (17, 17, 80000, 0, 0, 14, 17, 831, null, null),
        (18, 18, 185, 0, 25, 24, 40, 1.939, null, null),
        (19, 19, 128, 0, 80, 22, 28, 1.41, null, null),
        (20, 22, 1.7, 0, 56, 22, 37, 1.815, null, null),
        (21, 23, 1.7, 460, 0, 22, 37, 2.219, null, null),
        (22, 24, 1.19, 300, 30, 16, 26, 1.562, null, null),
        (23, 25, 2.4, 210, 20, 31, 52, 2.713, null, null),
        (24, 26, 1.65, 80, 74, 28, 36, 1.868, null, null),
        (25, 27, 1.9, 584, 95, 25, 41, 2.645, null, null);


insert into "ResidenceFeatures" (id, ResidenceId, key, value, createdAt, updatedAt)
values  (1, 4, 'petFlag', 'False', null, null),
        (2, 4, 'metroFlag', 'True', null, null),
        (3, 4, 'furnitureFlag', 'False', null, null),
        (4, 4, 'createdAt', '2021-12-26 20:08:30.014942', null, null),
        (5, 4, 'updatedAt', '2021-12-26 20:08:30.014942', null, null),
        (6, 5, 'petFlag', 'True', null, null),
        (7, 5, 'metroFlag', 'True', null, null),
        (8, 5, 'furnitureFlag', 'False', null, null),
        (9, 5, 'createdAt', '2021-12-26 20:09:26.141830', null, null),
        (10, 5, 'updatedAt', '2021-12-26 20:09:26.141830', null, null),
        (11, 6, 'petFlag', 'False', null, null),
        (12, 6, 'metroFlag', 'True', null, null),
        (13, 6, 'furnitureFlag', 'False', null, null),
        (14, 6, 'createdAt', '2021-12-26 20:10:18.723282', null, null),
        (15, 6, 'updatedAt', '2021-12-26 20:10:18.723282', null, null),
        (16, 7, 'petFlag', 'True', null, null),
        (17, 7, 'metroFlag', 'True', null, null),
        (18, 7, 'furnitureFlag', 'False', null, null),
        (19, 7, 'createdAt', '2021-12-26 20:11:11.424235', null, null),
        (20, 7, 'updatedAt', '2021-12-26 20:11:11.424235', null, null),
        (21, 8, 'petFlag', 'False', null, null),
        (22, 8, 'metroFlag', 'False', null, null),
        (23, 8, 'furnitureFlag', 'False', null, null),
        (24, 8, 'createdAt', '2021-12-26 20:12:07.327930', null, null),
        (25, 8, 'updatedAt', '2021-12-26 20:12:07.327930', null, null),
        (26, 9, 'petFlag', 'True', null, null),
        (27, 9, 'metroFlag', 'False', null, null),
        (28, 9, 'furnitureFlag', 'False', null, null),
        (29, 9, 'createdAt', '2021-12-26 20:12:59.889352', null, null),
        (30, 9, 'updatedAt', '2021-12-26 20:12:59.889352', null, null),
        (31, 10, 'petFlag', 'False', null, null),
        (32, 10, 'metroFlag', 'True', null, null),
        (33, 10, 'furnitureFlag', 'False', null, null),
        (34, 10, 'createdAt', '2021-12-26 20:14:10.990493', null, null),
        (35, 10, 'updatedAt', '2021-12-26 20:14:10.990493', null, null),
        (36, 11, 'petFlag', 'False', null, null),
        (37, 11, 'metroFlag', 'False', null, null),
        (38, 11, 'furnitureFlag', 'False', null, null),
        (39, 11, 'createdAt', '2021-12-26 20:15:03.492301', null, null),
        (40, 11, 'updatedAt', '2021-12-26 20:15:03.492301', null, null),
        (41, 12, 'petFlag', 'True', null, null),
        (42, 12, 'metroFlag', 'True', null, null),
        (43, 12, 'furnitureFlag', 'False', null, null),
        (44, 12, 'createdAt', '2021-12-26 20:15:55.993556', null, null),
        (45, 12, 'updatedAt', '2021-12-26 20:15:55.993556', null, null),
        (46, 13, 'petFlag', 'True', null, null),
        (47, 13, 'metroFlag', 'False', null, null),
        (48, 13, 'furnitureFlag', 'False', null, null),
        (49, 13, 'createdAt', '2021-12-26 20:16:51.966722', null, null),
        (50, 13, 'updatedAt', '2021-12-26 20:16:51.966722', null, null),
        (51, 14, 'petFlag', 'True', null, null),
        (52, 14, 'metroFlag', 'True', null, null),
        (53, 14, 'furnitureFlag', 'False', null, null),
        (54, 14, 'createdAt', '2021-12-26 20:17:44.580204', null, null),
        (55, 14, 'updatedAt', '2021-12-26 20:17:44.580204', null, null),
        (56, 15, 'petFlag', 'True', null, null),
        (57, 15, 'metroFlag', 'False', null, null),
        (58, 15, 'furnitureFlag', 'False', null, null),
        (59, 15, 'createdAt', '2021-12-26 20:18:37.228861', null, null),
        (60, 15, 'updatedAt', '2021-12-26 20:18:37.228861', null, null),
        (61, 16, 'petFlag', 'True', null, null),
        (62, 16, 'metroFlag', 'False', null, null),
        (63, 16, 'furnitureFlag', 'False', null, null),
        (64, 16, 'createdAt', '2021-12-26 20:19:34.642041', null, null),
        (65, 16, 'updatedAt', '2021-12-26 20:19:34.642041', null, null),
        (66, 17, 'petFlag', 'True', null, null),
        (67, 17, 'metroFlag', 'False', null, null),
        (68, 17, 'furnitureFlag', 'False', null, null),
        (69, 17, 'createdAt', '2021-12-26 20:20:27.523661', null, null),
        (70, 17, 'updatedAt', '2021-12-26 20:20:27.523661', null, null),
        (71, 18, 'petFlag', 'True', null, null),
        (72, 18, 'metroFlag', 'False', null, null),
        (73, 18, 'furnitureFlag', 'False', null, null),
        (74, 18, 'createdAt', '2021-12-26 20:21:20.038600', null, null),
        (75, 18, 'updatedAt', '2021-12-26 20:21:20.038600', null, null),
        (76, 19, 'petFlag', 'True', null, null),
        (77, 19, 'metroFlag', 'False', null, null),
        (78, 19, 'furnitureFlag', 'False', null, null),
        (79, 19, 'createdAt', '2021-12-26 20:29:03.769135', null, null),
        (80, 19, 'updatedAt', '2021-12-26 20:29:03.769135', null, null),
        (81, 22, 'petFlag', 'True', null, null),
        (82, 22, 'metroFlag', 'True', null, null),
        (83, 22, 'furnitureFlag', 'False', null, null),
        (84, 23, 'petFlag', 'False', null, null),
        (85, 23, 'metroFlag', 'True', null, null),
        (86, 23, 'furnitureFlag', 'False', null, null),
        (87, 24, 'petFlag', 'True', null, null),
        (88, 24, 'metroFlag', 'True', null, null),
        (89, 24, 'furnitureFlag', 'False', null, null),
        (90, 25, 'petFlag', 'False', null, null),
        (91, 25, 'metroFlag', 'True', null, null),
        (92, 25, 'furnitureFlag', 'False', null, null),
        (93, 26, 'petFlag', 'True', null, null),
        (94, 26, 'metroFlag', 'False', null, null),
        (95, 26, 'furnitureFlag', 'False', null, null),
        (96, 27, 'petFlag', 'False', null, null),
        (97, 27, 'metroFlag', 'True', null, null),
        (98, 27, 'furnitureFlag', 'True', null, null);


insert into "ResidenceAddress" (id, street, numberResidence, district, state, country, CEP, complement, createdAt, updatedAt)
values  (1, 'rua', null, 'Hellow', 'São Paulo', 'Brasil', null, null, null, null),
        (2, 'batata', null, 'teste', 'sp', 'Brasil', null, null, null, null),
        (3, 'Rua Domingos Ataide', null, ' Parque Reboucas', 'São Paulo', 'Brasil', null, null, null, null),
        (4, 'Avenida Álvaro Ramos', null, ' Quarta Parada', 'São Paulo', 'Brasil', null, null, null, null),
        (5, 'Avenida Álvaro Ramos', null, ' Quarta Parada', 'São Paulo', 'Brasil', null, null, null, null),
        (6, 'Avenida Álvaro Ramos', null, ' Quarta Parada', 'São Paulo', 'Brasil', null, null, null, null),
        (7, 'Avenida Álvaro Ramos', null, ' Quarta Parada', 'São Paulo', 'Brasil', null, null, null, null),
        (8, 'Rua Itararé', null, ' Bela Vista', 'São Paulo', 'Brasil', null, null, null, null),
        (9, 'Rua Dona Veridiana', null, ' Higienópolis', 'São Paulo', 'Brasil', null, null, null, null),
        (10, 'Avenida São João', null, ' República', 'São Paulo', 'Brasil', null, null, null, null),
        (11, 'Rua Rio Formoso', null, ' Vila Nivi', 'São Paulo', 'Brasil', null, null, null, null),
        (12, 'Rua Marina Crespi', null, ' Mooca', 'São Paulo', 'Brasil', null, null, null, null),
        (13, 'Avenida 9 de Julho', null, ' Bela Vista', 'São Paulo', 'Brasil', null, null, null, null),
        (14, 'Rua Brás de Arzão', null, ' Nova Piraju', 'São Paulo', 'Brasil', null, null, null, null),
        (15, 'Rua Martim Burchard', null, ' Jardim Brasília (zona Norte)', 'São Paulo', 'Brasil', null, null, null, null),
        (16, 'Rua Santa Izabel', null, ' Vila Augusta', ' Guarulhos', 'Brasil', null, null, null, null),
        (17, 'Rua Oratorio', null, ' Bangú', ' santo andré', 'Brasil', null, null, null, null),
        (18, 'Rua Francisco Rossano', null, ' Sítio da Figueira', 'São Paulo', 'Brasil', null, null, null, null),
        (19, 'Rua da Chibata', null, ' Vila Andrade', 'São Paulo', 'Brasil', null, null, null, null),
        (20, 'Rua Manuel Viêira da Luz', null, ' Sítio do Piqueri', 'São Paulo', 'Brasil', null, null, null, null),
        (21, 'Rua Gregório Allegri', null, ' Vila das Belezas', 'São Paulo', 'Brasil', null, null, null, null),
        (22, 'Rua Paranapanema', null, ' Vila Vivaldi', ' São Bernardo do Campo', 'Brasil', null, null, null, null),
        (23, 'Rua Domingos Ataide', null, ' Parque Reboucas', 'São Paulo', 'Brasil', null, null, null, null),
        (24, 'Rua Domingos Ataide', null, ' Parque Reboucas', 'São Paulo', 'Brasil', null, null, null, null),
        (25, 'Avenida Álvaro Ramos', null, ' Quarta Parada', 'São Paulo', 'Brasil', null, null, null, null),
        (26, 'Rua Itararé', null, ' Bela Vista', 'São Paulo', 'Brasil', null, null, null, null),
        (27, 'Rua Dona Veridiana', null, ' Higienópolis', 'São Paulo', 'Brasil', null, null, null, null),
        (28, 'Avenida São João', null, ' República', 'São Paulo', 'Brasil', null, null, null, null),
        (29, 'Rua Rio Formoso', null, ' Vila Nivi', 'São Paulo', 'Brasil', null, null, null, null),
        (30, 'Rua Martiniano de Carvalho', null, ' Bela Vista', 'São Paulo', 'Brasil', null, null, null, null);